first name,last name,email,image
Tyrion,Lannister,abc@mail.com,img1.png
Stannis,Baratheon,efg@mail.com,img2.png
Petyr,Baelish,efaa@mail.com,img3.png
Daenerys,Targaryen,kk@mail.com,img4.png
Theon,Greyjoy,afadf@mail.com,img5.png
Catelyn,Stark,cadf@mail.com,img6.png
Davos,Seaworth,akfj@mail.com,img7.png
Jeor,Mormont,ljaldjfla@mail.com,img8.png
Bran,Stark,alkdjfl@mail.com,img9.png
Sandor,Clegane,kljaldf@mail.com,img10.png
Samwell,Tarly,ljaldkfj@mail.com,img11.png
Cersei,Lannister,ljaldkjfl@mail.com,img12.png
Joffrey,Baratheon,ljlakdf@mail.com,img13.png
Petry,Baelish,lkajfl@mail.com,img14.png
Michelle,Fairley,,
Charles,,,
Alfie,Gillen,,
,Glen,,
Sophie,Turner,,img14.png
,Clarke,,img13.png
,Dinklage,lkkaaf@mail.com,img12.png
Emillia,,emillia@mail.com,img11.png
Gregor, Clegane, gClegane@mail.com,img16.png
Khal,Drogo, kdrogo@mail.com,img17.png
Daario,Nharis, Dnharis@mail.com, img18.png
Ramsay,Snow,rsnow@mail.com,img19.png
Jorah,Mormont,jmormont@mail.com,img20.png
Sandor,Clegane,sclegane@mail.com,img21.png
Lord,Varys,lvarys@mail.com,img22.png
Oberyn,Martell,omartell@mail.com,img23.png
Grey,Worm, gworm@mail.com,img24.png
Tyene,Sand, tsand@mail.com, img25.png
Jaime,Lannister, jlannister@mail.com,img26.png
Samwell,Tarly,starly@mail.com,img27.png
